Day,Activity,Task Description,Video/Reel Script Idea,Points
Day 1,Visualization,Imagine confidently handling a real estate scenario. Describe your response.,Founder explains a real client situation and asks users to visualize handling it professionally.,8
,,Repeat confidence affirmations aloud related to real estate success.,Short reel where founder reads affirmations for realtors to repeat.,6
,Belief Exercise,Write one limiting belief about sales and replace it with a stronger belief.,Founder explains how beliefs affect sales performance.,8
,Identity Statement,Write a statement describing the professional realtor you are becoming.,Founder talks about identity shift from agent to trusted advisor.,5
,Gratitude Journaling,Write three things you appreciate about your career or clients today.,Short motivational reel about gratitude and long-term career growth.,6
,Calm Reset,Take 5 slow breaths and mentally reset before your next task.,Breathing exercise guided by calm background audio.,5
,Audio Reprogramming,Listen to today's mindset audio focused on confidence and discipline.,Audio message from founder about mindset conditioning.,6
,Morning Focus Ritual,Write your top 3 professional priorities for tomorrow.,Founder explains how elite realtors start their mornings.,6
,Mindset Training,Reflect on a mindset principle that improves professional discipline.,Founder explains mindset training for high-performance realtors.,8
Day 2,Visualization,Imagine confidently handling a real estate scenario. Describe your response.,Founder explains a real client situation and asks users to visualize handling it professionally.,8
,Affirmations,Repeat confidence affirmations aloud related to real estate success.,Short reel where founder reads affirmations for realtors to repeat.,6
,Belief Exercise,Write one limiting belief about sales and replace it with a stronger belief.,Founder explains how beliefs affect sales performance.,8
,Identity Statement,Write a statement describing the professional realtor you are becoming.,Founder talks about identity shift from agent to trusted advisor.,5
,Gratitude Journaling,Write three things you appreciate about your career or clients today.,Short motivational reel about gratitude and long-term career growth.,6
,Calm Reset,Take 5 slow breaths and mentally reset before your next task.,Breathing exercise guided by calm background audio.,5
,Audio Reprogramming,Listen to today's mindset audio focused on confidence and discipline.,Audio message from founder about mindset conditioning.,6
,Morning Focus Ritual,Write your top 3 professional priorities for tomorrow.,Founder explains how elite realtors start their mornings.,6
,Mindset Training,Reflect on a mindset principle that improves professional discipline.,Founder explains mindset training for high-performance realtors.,8
Day 3,Visualization,Imagine confidently handling a real estate scenario . Describe your response.,Founder explains a real client situation and asks users to visualize handling it professionally.,8
,Affirmations,Repeat confidence affirmations aloud related to real estate success.,Short reel where founder reads affirmations for realtors to repeat.,6
,Belief Exercise,Write one limiting belief about sales and replace it with a stronger belief.,Founder explains how beliefs affect sales performance.,8
,Identity Statement,Write a statement describing the professional realtor you are becoming.,Founder talks about identity shift from agent to trusted advisor.,5
,Gratitude Journaling,Write three things you appreciate about your career or clients today.,Short motivational reel about gratitude and long-term career growth.,6
,Calm Reset,Take 5 slow breaths and mentally reset before your next task.,Breathing exercise guided by calm background audio.,5
,Audio Reprogramming,Listen to today's mindset audio focused on confidence and discipline.,Audio message from founder about mindset conditioning.,6
,Morning Focus Ritual,Write your top 3 professional priorities for tomorrow.,Founder explains how elite realtors start their mornings.,6
,Mindset Training,Reflect on a mindset principle that improves professional discipline.,Founder explains mindset training for high-performance realtors.,8
Day 4,Visualization,Imagine confidently handling a real estate scenario . Describe your response.,Founder explains a real client situation and asks users to visualize handling it professionally.,8
,Affirmations,Repeat confidence affirmations aloud related to real estate success.,Short reel where founder reads affirmations for realtors to repeat.,6
,Belief Exercise,Write one limiting belief about sales and replace it with a stronger belief.,Founder explains how beliefs affect sales performance.,8
,Identity Statement,Write a statement describing the professional realtor you are becoming.,Founder talks about identity shift from agent to trusted advisor.,5
,Gratitude Journaling,Write three things you appreciate about your career or clients today.,Short motivational reel about gratitude and long-term career growth.,6
,Calm Reset,Take 5 slow breaths and mentally reset before your next task.,Breathing exercise guided by calm background audio.,5
,Audio Reprogramming,Listen to today's mindset audio focused on confidence and discipline.,Audio message from founder about mindset conditioning.,6
,Morning Focus Ritual,Write your top 3 professional priorities for tomorrow.,Founder explains how elite realtors start their mornings.,6
,Mindset Training,Reflect on a mindset principle that improves professional discipline.,Founder explains mindset training for high-performance realtors.,8
Day 5,Visualization,Imagine confidently handling a real estate scenario. Describe your response.,Founder explains a real client situation and asks users to visualize handling it professionally.,8
,Affirmations,Repeat confidence affirmations aloud related to real estate success.,Short reel where founder reads affirmations for realtors to repeat.,6
,Belief Exercise,Write one limiting belief about sales and replace it with a stronger belief.,Founder explains how beliefs affect sales performance.,8
,Identity Statement,Write a statement describing the professional realtor you are becoming.,Founder talks about identity shift from agent to trusted advisor.,5
,Gratitude Journaling,Write three things you appreciate about your career or clients today.,Short motivational reel about gratitude and long-term career growth.,6
,Calm Reset,Take 5 slow breaths and mentally reset before your next task.,Breathing exercise guided by calm background audio.,5
,Audio Reprogramming,Listen to today's mindset audio focused on confidence and discipline.,Audio message from founder about mindset conditioning.,6
,Morning Focus Ritual,Write your top 3 professional priorities for tomorrow.,Founder explains how elite realtors start their mornings.,6
,Mindset Training,Reflect on a mindset principle that improves professional discipline.,Founder explains mindset training for high-performance realtors.,8
Day 6,Visualization,Imagine confidently handling a real estate scenario. Describe your response.,Founder explains a real client situation and asks users to visualize handling it professionally.,8
,Affirmations,Repeat confidence affirmations aloud related to real estate success.,Short reel where founder reads affirmations for realtors to repeat.,6
,Belief Exercise,Write one limiting belief about sales and replace it with a stronger belief.,Founder explains how beliefs affect sales performance.,8
,Identity Statement,Write a statement describing the professional realtor you are becoming.,Founder talks about identity shift from agent to trusted advisor.,5
,Gratitude Journaling,Write three things you appreciate about your career or clients today.,Short motivational reel about gratitude and long-term career growth.,6
,Calm Reset,Take 5 slow breaths and mentally reset before your next task.,Breathing exercise guided by calm background audio.,5
,Audio Reprogramming,Listen to today's mindset audio focused on confidence and discipline.,Audio message from founder about mindset conditioning.,6
,Morning Focus Ritual,Write your top 3 professional priorities for tomorrow.,Founder explains how elite realtors start their mornings.,6
,Mindset Training,Reflect on a mindset principle that improves professional discipline.,Founder explains mindset training for high-performance realtors.,8
Day 7,Weekly Diagnostic,"Rate your confidence, focus, and communication this week. Write one lesson learned.",Founder message: 'Top realtors reflect weekly. Growth happens when you measure progress.',